Time_Myr,Z,Fe_H,O_Fe
0.00,1.000000e-08,-2.458,0.589
20.00,2.069859e-04,-1.966,0.582
40.00,6.311268e-04,-1.673,0.573
60.00,1.210434e-03,-1.409,0.504
80.00,1.900771e-03,-1.210,0.442
100.00,2.600492e-03,-1.054,0.390
120.00,3.294673e-03,-0.926,0.346
140.00,3.974287e-03,-0.816,0.310
160.00,4.688997e-03,-0.720,0.279
180.00,5.403129e-03,-0.635,0.251
200.00,6.120918e-03,-0.557,0.228
220.00,6.865333e-03,-0.487,0.206
240.00,7.624677e-03,-0.421,0.187
260.00,8.389659e-03,-0.361,0.170
280.00,9.163194e-03,-0.303,0.154
300.00,9.968851e-03,-0.249,0.140
320.00,1.079958e-02,-0.197,0.126
340.00,1.164956e-02,-0.148,0.114
360.00,1.250861e-02,-0.101,0.102
380.00,1.338009e-02,-0.055,0.091
400.00,1.427377e-02,-0.011,0.081
420.00,1.518391e-02,0.032,0.071
440.00,1.615117e-02,0.074,0.063
460.00,1.714512e-02,0.115,0.054
480.00,1.816734e-02,0.155,0.046
500.00,1.920634e-02,0.195,0.038
520.00,2.026667e-02,0.234,0.031
540.00,2.136050e-02,0.273,0.024
560.00,2.248097e-02,0.311,0.017
580.00,2.363827e-02,0.350,0.010
600.00,2.486566e-02,0.388,0.004
620.00,2.614616e-02,0.427,-0.002
640.00,2.747346e-02,0.465,-0.007
660.00,2.886461e-02,0.504,-0.013
680.00,3.026694e-02,0.544,-0.018
700.00,3.172926e-02,0.584,-0.024
720.00,3.325771e-02,0.624,-0.029
740.00,3.484768e-02,0.666,-0.034
760.00,3.651875e-02,0.709,-0.039
780.00,3.832507e-02,0.753,-0.044
800.00,4.025046e-02,0.799,-0.048
820.00,4.229477e-02,0.846,-0.052
840.00,4.447535e-02,0.896,-0.057
860.00,4.678570e-02,0.949,-0.061
880.00,4.925656e-02,1.005,-0.065
900.00,5.194476e-02,1.065,-0.070
920.00,5.487547e-02,1.131,-0.074
940.00,5.813103e-02,1.203,-0.078
960.00,6.188959e-02,1.284,-0.081
980.00,6.623536e-02,1.378,-0.085
1000.00,7.135146e-02,1.490,-0.089
1020.00,7.753307e-02,1.632,-0.093
1040.00,8.549068e-02,1.826,-0.096
1060.00,9.704712e-02,2.154,-0.100
1080.00,1.196713e-01,-9.990,-0.103
1100.00,1.000000e-08,-9.990,-0.106
1120.00,1.000000e-08,-9.990,-0.108
1140.00,1.000000e-08,-9.990,-0.108
1160.00,1.000000e-08,-9.990,-0.107
1180.00,1.000000e-08,-9.990,-0.107
1200.00,1.000000e-08,-9.990,-0.106
1220.00,1.000000e-08,-9.990,-0.105
1240.00,1.000000e-08,-9.990,-0.105
1260.00,1.000000e-08,-9.990,-0.104
1280.00,1.000000e-08,-9.990,-0.104
1300.00,1.000000e-08,-9.990,-0.103
1320.00,1.000000e-08,-9.990,-0.103
1340.00,1.000000e-08,-9.990,-0.102
1360.00,1.000000e-08,-9.990,-0.102
1380.00,1.000000e-08,-9.990,-0.102
1400.00,1.000000e-08,-9.990,-0.101
1420.00,1.000000e-08,-9.990,-0.101
1440.00,1.000000e-08,-9.990,-0.101
1460.00,1.000000e-08,-9.990,-0.101
1480.00,1.000000e-08,-9.990,-0.100
1500.00,1.000000e-08,-9.990,-0.100
1520.00,1.000000e-08,-9.990,-0.100
1540.00,1.000000e-08,-9.990,-0.100
1560.00,1.000000e-08,-9.990,-0.100
1580.00,1.000000e-08,-9.990,-0.100
1600.00,1.000000e-08,-9.990,-0.100
1620.00,1.000000e-08,-9.990,-0.100
1640.00,1.000000e-08,-9.990,-0.100
1660.00,1.000000e-08,-9.990,-0.100
1680.00,1.000000e-08,-9.990,-0.100
1700.00,1.000000e-08,-9.990,-0.100
1720.00,1.000000e-08,-9.990,-0.100
1740.00,1.000000e-08,-9.990,-0.100
1760.00,1.000000e-08,-9.990,-0.100
1780.00,1.000000e-08,-9.990,-0.100
1800.00,1.000000e-08,-9.990,-0.100
1820.00,1.000000e-08,-9.990,-0.100
1840.00,1.000000e-08,-9.990,-0.100
1860.00,1.000000e-08,-9.990,-0.100
1880.00,1.000000e-08,-9.990,-0.101
1900.00,1.000000e-08,-9.990,-0.101
1920.00,1.000000e-08,-9.990,-0.101
1940.00,1.000000e-08,-9.990,-0.101
1960.00,1.000000e-08,-9.990,-0.101
1980.00,1.000000e-08,-9.990,-0.101
2000.00,1.000000e-08,-9.990,-0.102
2020.00,1.000000e-08,-9.990,-0.102
2040.00,1.000000e-08,-9.990,-0.102
2060.00,1.000000e-08,-9.990,-0.102
2080.00,1.000000e-08,-9.990,-0.102
2100.00,1.000000e-08,-9.990,-0.103
2120.00,1.000000e-08,-9.990,-0.103
2140.00,1.000000e-08,-9.990,-0.103
2160.00,1.000000e-08,-9.990,-0.103
2180.00,1.000000e-08,-9.990,-0.103
2200.00,1.000000e-08,-9.990,-0.104
2220.00,1.000000e-08,-9.990,-0.104
2240.00,1.000000e-08,-9.990,-0.104
2260.00,1.000000e-08,-9.990,-0.104
2280.00,1.000000e-08,-9.990,-0.105
2300.00,1.000000e-08,-9.990,-0.105
2320.00,1.000000e-08,-9.990,-0.105
2340.00,1.000000e-08,-9.990,-0.105
2360.00,1.000000e-08,-9.990,-0.106
2380.00,1.000000e-08,-9.990,-0.106
2400.00,1.000000e-08,-9.990,-0.106
2420.00,1.000000e-08,-9.990,-0.106
2440.00,1.000000e-08,-9.990,-0.107
2460.00,1.000000e-08,-9.990,-0.107
2480.00,1.000000e-08,-9.990,-0.107
2500.00,1.000000e-08,-9.990,-0.107
2520.00,1.000000e-08,-9.990,-0.108
2540.00,1.000000e-08,-9.990,-0.108
2560.00,1.000000e-08,-9.990,-0.108
2580.00,1.000000e-08,-9.990,-0.109
2600.00,1.000000e-08,-9.990,-0.109
2620.00,1.000000e-08,-9.990,-0.109
2640.00,1.000000e-08,-9.990,-0.109
2660.00,1.000000e-08,-9.990,-0.110
2680.00,1.000000e-08,-9.990,-0.110
2700.00,1.000000e-08,-9.990,-0.110
2720.00,1.000000e-08,-9.990,-0.111
2740.00,1.000000e-08,-9.990,-0.111
2760.00,1.000000e-08,-9.990,-0.111
2780.00,1.000000e-08,-9.990,-0.111
2800.00,1.000000e-08,-9.990,-0.112
2820.00,1.000000e-08,-9.990,-0.112
2840.00,1.000000e-08,-9.990,-0.112
2860.00,1.000000e-08,-9.990,-0.112
2880.00,1.000000e-08,-9.990,-0.113
2900.00,1.000000e-08,-9.990,-0.113
2920.00,1.000000e-08,-9.990,-0.113
2940.00,1.000000e-08,-9.990,-0.114
2960.00,1.000000e-08,-9.990,-0.114
2980.00,1.000000e-08,-9.990,-0.114
3000.00,1.000000e-08,-9.990,-0.114
3020.00,1.000000e-08,-9.990,-0.115
3040.00,1.000000e-08,-9.990,-0.115
3060.00,1.000000e-08,-9.990,-0.115
3080.00,1.000000e-08,-9.990,-0.116
3100.00,1.000000e-08,-9.990,-0.116
3120.00,1.000000e-08,-9.990,-0.116
3140.00,1.000000e-08,-9.990,-0.116
3160.00,1.000000e-08,-9.990,-0.117
3180.00,1.000000e-08,-9.990,-0.117
3200.00,1.000000e-08,-9.990,-0.117
3220.00,1.000000e-08,-9.990,-0.118
3240.00,1.000000e-08,-9.990,-0.118
3260.00,1.000000e-08,-9.990,-0.118
3280.00,1.000000e-08,-9.990,-0.118
3300.00,1.000000e-08,-9.990,-0.119
3320.00,1.000000e-08,-9.990,-0.119
3340.00,1.000000e-08,-9.990,-0.119
3360.00,1.000000e-08,-9.990,-0.120
3380.00,1.000000e-08,-9.990,-0.120
3400.00,1.000000e-08,-9.990,-0.120
3420.00,1.000000e-08,-9.990,-0.120
3440.00,1.000000e-08,-9.990,-0.121
3460.00,1.000000e-08,-9.990,-0.121
3480.00,1.000000e-08,-9.990,-0.121
3500.00,1.000000e-08,-9.990,-0.121
3520.00,1.000000e-08,-9.990,-0.122
3540.00,1.000000e-08,-9.990,-0.122
3560.00,1.000000e-08,-9.990,-0.122
3580.00,1.000000e-08,-9.990,-0.123
3600.00,1.000000e-08,-9.990,-0.123
3620.00,1.000000e-08,-9.990,-0.123
3640.00,1.000000e-08,-9.990,-0.123
3660.00,1.000000e-08,-9.990,-0.124
3680.00,1.000000e-08,-9.990,-0.124
3700.00,1.000000e-08,-9.990,-0.124
3720.00,1.000000e-08,-9.990,-0.124
3740.00,1.000000e-08,-9.990,-0.125
3760.00,1.000000e-08,-9.990,-0.125
3780.00,1.000000e-08,-9.990,-0.125
3800.00,1.000000e-08,-9.990,-0.126
3820.00,1.000000e-08,-9.990,-0.126
3840.00,1.000000e-08,-9.990,-0.126
3860.00,1.000000e-08,-9.990,-0.126
3880.00,1.000000e-08,-9.990,-0.127
3900.00,1.000000e-08,-9.990,-0.127
3920.00,1.000000e-08,-9.990,-0.127
3940.00,1.000000e-08,-9.990,-0.127
3960.00,1.000000e-08,-9.990,-0.128
3980.00,1.000000e-08,-9.990,-0.128
4000.00,1.000000e-08,-9.990,-0.128
4020.00,1.000000e-08,-9.990,-0.128
4040.00,1.000000e-08,-9.990,-0.129
4060.00,1.000000e-08,-9.990,-0.129
4080.00,1.000000e-08,-9.990,-0.129
4100.00,1.000000e-08,-9.990,-0.129
4120.00,1.000000e-08,-9.990,-0.130
4140.00,1.000000e-08,-9.990,-0.130
4160.00,1.000000e-08,-9.990,-0.130
4180.00,1.000000e-08,-9.990,-0.130
4200.00,1.000000e-08,-9.990,-0.131
4220.00,1.000000e-08,-9.990,-0.131
4240.00,1.000000e-08,-9.990,-0.131
4260.00,1.000000e-08,-9.990,-0.131
4280.00,1.000000e-08,-9.990,-0.132
4300.00,1.000000e-08,-9.990,-0.132
4320.00,1.000000e-08,-9.990,-0.132
4340.00,1.000000e-08,-9.990,-0.132
4360.00,1.000000e-08,-9.990,-0.133
4380.00,1.000000e-08,-9.990,-0.133
4400.00,1.000000e-08,-9.990,-0.133
4420.00,1.000000e-08,-9.990,-0.133
4440.00,1.000000e-08,-9.990,-0.134
4460.00,1.000000e-08,-9.990,-0.134
4480.00,1.000000e-08,-9.990,-0.134
4500.00,1.000000e-08,-9.990,-0.134
4520.00,1.000000e-08,-9.990,-0.135
4540.00,1.000000e-08,-9.990,-0.135
4560.00,1.000000e-08,-9.990,-0.135
4580.00,1.000000e-08,-9.990,-0.135
4600.00,1.000000e-08,-9.990,-0.136
4620.00,1.000000e-08,-9.990,-0.136
4640.00,1.000000e-08,-9.990,-0.136
4660.00,1.000000e-08,-9.990,-0.136
4680.00,1.000000e-08,-9.990,-0.137
4700.00,1.000000e-08,-9.990,-0.137
4720.00,1.000000e-08,-9.990,-0.137
4740.00,1.000000e-08,-9.990,-0.137
4760.00,1.000000e-08,-9.990,-0.138
4780.00,1.000000e-08,-9.990,-0.138
4800.00,1.000000e-08,-9.990,-0.138
4820.00,1.000000e-08,-9.990,-0.138
4840.00,1.000000e-08,-9.990,-0.139
4860.00,1.000000e-08,-9.990,-0.139
4880.00,1.000000e-08,-9.990,-0.139
4900.00,1.000000e-08,-9.990,-0.139
4920.00,1.000000e-08,-9.990,-0.139
4940.00,1.000000e-08,-9.990,-0.140
4960.00,1.000000e-08,-9.990,-0.140
4980.00,1.000000e-08,-9.990,-0.140
5000.00,1.000000e-08,-9.990,-0.140
5020.00,1.000000e-08,-9.990,-0.141
5040.00,1.000000e-08,-9.990,-0.141
5060.00,1.000000e-08,-9.990,-0.141
5080.00,1.000000e-08,-9.990,-0.141
5100.00,1.000000e-08,-9.990,-0.141
5120.00,1.000000e-08,-9.990,-0.142
5140.00,1.000000e-08,-9.990,-0.142
5160.00,1.000000e-08,-9.990,-0.142
5180.00,1.000000e-08,-9.990,-0.142
5200.00,1.000000e-08,-9.990,-0.143
5220.00,1.000000e-08,-9.990,-0.143
5240.00,1.000000e-08,-9.990,-0.143
5260.00,1.000000e-08,-9.990,-0.143
5280.00,1.000000e-08,-9.990,-0.143
5300.00,1.000000e-08,-9.990,-0.144
5320.00,1.000000e-08,-9.990,-0.144
5340.00,1.000000e-08,-9.990,-0.144
5360.00,1.000000e-08,-9.990,-0.144
5380.00,1.000000e-08,-9.990,-0.145
5400.00,1.000000e-08,-9.990,-0.145
5420.00,1.000000e-08,-9.990,-0.145
5440.00,1.000000e-08,-9.990,-0.145
5460.00,1.000000e-08,-9.990,-0.145
5480.00,1.000000e-08,-9.990,-0.146
5500.00,1.000000e-08,-9.990,-0.146
5520.00,1.000000e-08,-9.990,-0.146
5540.00,1.000000e-08,-9.990,-0.146
5560.00,1.000000e-08,-9.990,-0.146
5580.00,1.000000e-08,-9.990,-0.147
5600.00,1.000000e-08,-9.990,-0.147
5620.00,1.000000e-08,-9.990,-0.147
5640.00,1.000000e-08,-9.990,-0.147
5660.00,1.000000e-08,-9.990,-0.148
5680.00,1.000000e-08,-9.990,-0.148
5700.00,1.000000e-08,-9.990,-0.148
5720.00,1.000000e-08,-9.990,-0.148
5740.00,1.000000e-08,-9.990,-0.148
5760.00,1.000000e-08,-9.990,-0.149
5780.00,1.000000e-08,-9.990,-0.149
5800.00,1.000000e-08,-9.990,-0.149
5820.00,1.000000e-08,-9.990,-0.149
5840.00,1.000000e-08,-9.990,-0.149
5860.00,1.000000e-08,-9.990,-0.150
5880.00,1.000000e-08,-9.990,-0.150
5900.00,1.000000e-08,-9.990,-0.150
5920.00,1.000000e-08,-9.990,-0.150
5940.00,1.000000e-08,-9.990,-0.150
5960.00,1.000000e-08,-9.990,-0.151
5980.00,1.000000e-08,-9.990,-0.151
6000.00,1.000000e-08,-9.990,-0.151
6020.00,1.000000e-08,-9.990,-0.151
6040.00,1.000000e-08,-9.990,-0.151
6060.00,1.000000e-08,-9.990,-0.152
6080.00,1.000000e-08,-9.990,-0.152
6100.00,1.000000e-08,-9.990,-0.152
6120.00,1.000000e-08,-9.990,-0.152
6140.00,1.000000e-08,-9.990,-0.152
6160.00,1.000000e-08,-9.990,-0.153
6180.00,1.000000e-08,-9.990,-0.153
6200.00,1.000000e-08,-9.990,-0.153
6220.00,1.000000e-08,-9.990,-0.153
6240.00,1.000000e-08,-9.990,-0.153
6260.00,1.000000e-08,-9.990,-0.154
6280.00,1.000000e-08,-9.990,-0.154
6300.00,1.000000e-08,-9.990,-0.154
6320.00,1.000000e-08,-9.990,-0.154
6340.00,1.000000e-08,-9.990,-0.154
6360.00,1.000000e-08,-9.990,-0.154
6380.00,1.000000e-08,-9.990,-0.155
6400.00,1.000000e-08,-9.990,-0.155
6420.00,1.000000e-08,-9.990,-0.155
6440.00,1.000000e-08,-9.990,-0.155
6460.00,1.000000e-08,-9.990,-0.155
6480.00,1.000000e-08,-9.990,-0.156
6500.00,1.000000e-08,-9.990,-0.156
6520.00,1.000000e-08,-9.990,-0.156
6540.00,1.000000e-08,-9.990,-0.156
6560.00,1.000000e-08,-9.990,-0.156
6580.00,1.000000e-08,-9.990,-0.157
6600.00,1.000000e-08,-9.990,-0.157
6620.00,1.000000e-08,-9.990,-0.157
6640.00,1.000000e-08,-9.990,-0.157
6660.00,1.000000e-08,-9.990,-0.157
6680.00,1.000000e-08,-9.990,-0.157
6700.00,1.000000e-08,-9.990,-0.158
6720.00,1.000000e-08,-9.990,-0.158
6740.00,1.000000e-08,-9.990,-0.158
6760.00,1.000000e-08,-9.990,-0.158
6780.00,1.000000e-08,-9.990,-0.158
6800.00,1.000000e-08,-9.990,-0.159
6820.00,1.000000e-08,-9.990,-0.159
6840.00,1.000000e-08,-9.990,-0.159
6860.00,1.000000e-08,-9.990,-0.159
6880.00,1.000000e-08,-9.990,-0.159
6900.00,1.000000e-08,-9.990,-0.159
6920.00,1.000000e-08,-9.990,-0.160
6940.00,1.000000e-08,-9.990,-0.160
6960.00,1.000000e-08,-9.990,-0.160
6980.00,1.000000e-08,-9.990,-0.160
7000.00,1.000000e-08,-9.990,-0.160
7020.00,1.000000e-08,-9.990,-0.160
7040.00,1.000000e-08,-9.990,-0.161
7060.00,1.000000e-08,-9.990,-0.161
7080.00,1.000000e-08,-9.990,-0.161
7100.00,1.000000e-08,-9.990,-0.161
7120.00,1.000000e-08,-9.990,-0.161
7140.00,1.000000e-08,-9.990,-0.161
7160.00,1.000000e-08,-9.990,-0.162
7180.00,1.000000e-08,-9.990,-0.162
7200.00,1.000000e-08,-9.990,-0.162
7220.00,1.000000e-08,-9.990,-0.162
7240.00,1.000000e-08,-9.990,-0.162
7260.00,1.000000e-08,-9.990,-0.163
7280.00,1.000000e-08,-9.990,-0.163
7300.00,1.000000e-08,-9.990,-0.163
7320.00,1.000000e-08,-9.990,-0.163
7340.00,1.000000e-08,-9.990,-0.163
7360.00,1.000000e-08,-9.990,-0.163
7380.00,1.000000e-08,-9.990,-0.164
7400.00,1.000000e-08,-9.990,-0.164
7420.00,1.000000e-08,-9.990,-0.164
7440.00,1.000000e-08,-9.990,-0.164
7460.00,1.000000e-08,-9.990,-0.164
7480.00,1.000000e-08,-9.990,-0.164
7500.00,1.000000e-08,-9.990,-0.165
7520.00,1.000000e-08,-9.990,-0.165
7540.00,1.000000e-08,-9.990,-0.165
7560.00,1.000000e-08,-9.990,-0.165
7580.00,1.000000e-08,-9.990,-0.165
7600.00,1.000000e-08,-9.990,-0.165
7620.00,1.000000e-08,-9.990,-0.165
7640.00,1.000000e-08,-9.990,-0.166
7660.00,1.000000e-08,-9.990,-0.166
7680.00,1.000000e-08,-9.990,-0.166
7700.00,1.000000e-08,-9.990,-0.166
7720.00,1.000000e-08,-9.990,-0.166
7740.00,1.000000e-08,-9.990,-0.166
7760.00,1.000000e-08,-9.990,-0.167
7780.00,1.000000e-08,-9.990,-0.167
7800.00,1.000000e-08,-9.990,-0.167
7820.00,1.000000e-08,-9.990,-0.167
7840.00,1.000000e-08,-9.990,-0.167
7860.00,1.000000e-08,-9.990,-0.167
7880.00,1.000000e-08,-9.990,-0.168
7900.00,1.000000e-08,-9.990,-0.168
7920.00,1.000000e-08,-9.990,-0.168
7940.00,1.000000e-08,-9.990,-0.168
7960.00,1.000000e-08,-9.990,-0.168
7980.00,1.000000e-08,-9.990,-0.168
8000.00,1.000000e-08,-9.990,-0.169
8020.00,1.000000e-08,-9.990,-0.169
8040.00,1.000000e-08,-9.990,-0.169
8060.00,1.000000e-08,-9.990,-0.169
8080.00,1.000000e-08,-9.990,-0.169
8100.00,1.000000e-08,-9.990,-0.169
8120.00,1.000000e-08,-9.990,-0.169
8140.00,1.000000e-08,-9.990,-0.170
8160.00,1.000000e-08,-9.990,-0.170
8180.00,1.000000e-08,-9.990,-0.170
8200.00,1.000000e-08,-9.990,-0.170
8220.00,1.000000e-08,-9.990,-0.170
8240.00,1.000000e-08,-9.990,-0.170
8260.00,1.000000e-08,-9.990,-0.170
8280.00,1.000000e-08,-9.990,-0.171
8300.00,1.000000e-08,-9.990,-0.171
8320.00,1.000000e-08,-9.990,-0.171
8340.00,1.000000e-08,-9.990,-0.171
8360.00,1.000000e-08,-9.990,-0.171
8380.00,1.000000e-08,-9.990,-0.171
8400.00,1.000000e-08,-9.990,-0.172
8420.00,1.000000e-08,-9.990,-0.172
8440.00,1.000000e-08,-9.990,-0.172
8460.00,1.000000e-08,-9.990,-0.172
8480.00,1.000000e-08,-9.990,-0.172
8500.00,1.000000e-08,-9.990,-0.172
8520.00,1.000000e-08,-9.990,-0.172
8540.00,1.000000e-08,-9.990,-0.173
8560.00,1.000000e-08,-9.990,-0.173
8580.00,1.000000e-08,-9.990,-0.173
8600.00,1.000000e-08,-9.990,-0.173
8620.00,1.000000e-08,-9.990,-0.173
8640.00,1.000000e-08,-9.990,-0.173
8660.00,1.000000e-08,-9.990,-0.173
8680.00,1.000000e-08,-9.990,-0.174
8700.00,1.000000e-08,-9.990,-0.174
8720.00,1.000000e-08,-9.990,-0.174
8740.00,1.000000e-08,-9.990,-0.174
8760.00,1.000000e-08,-9.990,-0.174
8780.00,1.000000e-08,-9.990,-0.174
8800.00,1.000000e-08,-9.990,-0.174
8820.00,1.000000e-08,-9.990,-0.175
8840.00,1.000000e-08,-9.990,-0.175
8860.00,1.000000e-08,-9.990,-0.175
8880.00,1.000000e-08,-9.990,-0.175
8900.00,1.000000e-08,-9.990,-0.175
8920.00,1.000000e-08,-9.990,-0.175
8940.00,1.000000e-08,-9.990,-0.175
8960.00,1.000000e-08,-9.990,-0.176
8980.00,1.000000e-08,-9.990,-0.176
9000.00,1.000000e-08,-9.990,-0.176
9020.00,1.000000e-08,-9.990,-0.176
9040.00,1.000000e-08,-9.990,-0.176
9060.00,1.000000e-08,-9.990,-0.176
9080.00,1.000000e-08,-9.990,-0.176
9100.00,1.000000e-08,-9.990,-0.177
9120.00,1.000000e-08,-9.990,-0.177
9140.00,1.000000e-08,-9.990,-0.177
9160.00,1.000000e-08,-9.990,-0.177
9180.00,1.000000e-08,-9.990,-0.177
9200.00,1.000000e-08,-9.990,-0.177
9220.00,1.000000e-08,-9.990,-0.177
9240.00,1.000000e-08,-9.990,-0.177
9260.00,1.000000e-08,-9.990,-0.178
9280.00,1.000000e-08,-9.990,-0.178
9300.00,1.000000e-08,-9.990,-0.178
9320.00,1.000000e-08,-9.990,-0.178
9340.00,1.000000e-08,-9.990,-0.178
9360.00,1.000000e-08,-9.990,-0.178
9380.00,1.000000e-08,-9.990,-0.178
9400.00,1.000000e-08,-9.990,-0.179
9420.00,1.000000e-08,-9.990,-0.179
9440.00,1.000000e-08,-9.990,-0.179
9460.00,1.000000e-08,-9.990,-0.179
9480.00,1.000000e-08,-9.990,-0.179
9500.00,1.000000e-08,-9.990,-0.179
9520.00,1.000000e-08,-9.990,-0.179
9540.00,1.000000e-08,-9.990,-0.179
9560.00,1.000000e-08,-9.990,-0.180
9580.00,1.000000e-08,-9.990,-0.180
9600.00,1.000000e-08,-9.990,-0.180
9620.00,1.000000e-08,-9.990,-0.180
9640.00,1.000000e-08,-9.990,-0.180
9660.00,1.000000e-08,-9.990,-0.180
9680.00,1.000000e-08,-9.990,-0.180
9700.00,1.000000e-08,-9.990,-0.181
9720.00,1.000000e-08,-9.990,-0.181
9740.00,1.000000e-08,-9.990,-0.181
9760.00,1.000000e-08,-9.990,-0.181
9780.00,1.000000e-08,-9.990,-0.181
9800.00,1.000000e-08,-9.990,-0.181
9820.00,1.000000e-08,-9.990,-0.181
9840.00,1.000000e-08,-9.990,-0.181
9860.00,1.000000e-08,-9.990,-0.182
9880.00,1.000000e-08,-9.990,-0.182
9900.00,1.000000e-08,-9.990,-0.182
9920.00,1.000000e-08,-9.990,-0.182
9940.00,1.000000e-08,-9.990,-0.182
9960.00,1.000000e-08,-9.990,-0.182
9980.00,1.000000e-08,-9.990,-0.182
